[
    {
        "filter_name": "oplus_adfr_config"
    },
    {
        "version": 20240412
    },
    {
        "sub_version": "20240412"
    },
    {
        "feature_sa": "true"
    },
    {
        "feature_osync": 0
    },
    {
        "sa_backlight": true,
        "sa_backlight_strategy": [
            {
                "fps": 120,
                "list": [
                    "20:120",
                    "50:1",
                    "70:1",
                    "1600:1"
                ]
            },
            {
                "fps": 90,
                "list": [
                    "20:90",
                    "50:1",
                    "70:1",
                    "1600:1"
                ]
            },
            {
                "fps": 60,
                "list": [
                    "20:60",
                    "50:1",
                    "70:1",
                    "1600:1"
                ]
            }
        ]
    },
    {
        "game_list": [
            {
                "pkg_name": [
                    "com.tencent.tmgp.sgame"
                ],
                "available": true,
                "flee_brightness": true,
                "not_game_win_name": [
                    "com.ryg.dynamicload.DLProxyProcessActivity"
                ]
            },
            {
                "pkg_name": [
                    "com.riotgames.league.wildrift",
                    "com.riotgames.league.wildrifttw"
                ],
                "available": true,
                "flee_brightness": true
            },
            {
                "pkg_name": [
                    "com.tencent.tmgp.supercell.brawlstars",
                    "com.youzu.bs.nearme.gamecenter",
                    "com.youzu.bs",
                    "com.supercell.brawlstars"
                ],
                "available": true,
                "flee_brightness": true
            },
            {
                "pkg_name": [
                    "com.tencent.tmgp.speedmobile",
                    "com.tencent.qqspmi"
                ],
                "available": true,
                "flee_brightness": true
            },
            {
                "pkg_name": [
                    "com.tencent.tmgp.cod",
                    "com.garena.game.codm",
                    "com.activision.callofduty.shooter"
                ],
                "available": true,
                "flee_brightness": true
            },
            {
                "pkg_name": [
                    "com.tencent.tmgp.pubgmhd"
                ],
                "available": true,
                "flee_brightness": true,
                "not_game_win_name": [
                    "com.ryg.dynamicload.DLProxyProcessActivity"
                ]
            },
            {
                "pkg_name": [
                    "com.tencent.ig"
                ],
                "available": true,
                "flee_brightness": true
            },
            {
                "pkg_name": [
                    "com.tencent.tmgp.cf"
                ],
                "available": true,
                "flee_brightness": true
            },
            {
                "pkg_name": [
                    "com.tencent.lolm"
                ],
                "available": true,
                "flee_brightness": true
            },
            {
                "pkg_name": [
                    "com.wepie.snake.nearme.gamecenter"
                ],
                "available": true,
                "flee_brightness": true
            },
            {
                "pkg_name": [
                    "com.netease.harrypotter.nearme.gamecenter"
                ],
                "available": true,
                "flee_brightness": true
            },
            {
                "pkg_name": [
                    "com.netease.sky.nearme.gamecenter"
                ],
                "available": true,
                "flee_brightness": true
            },
            {
                "pkg_name": [
                    "com.tencent.KiHan"
                ],
                "available": true,
                "flee_brightness": true
            },
            {
                "pkg_name": [
                    "com.tencent.mf.uam"
                ],
                "available": true,
                "flee_brightness": true
            },
            {
                "pkg_name": [
                    "com.netease.g67.nearme.gamecenter"
                ],
                "available": true,
                "flee_brightness": true
            },
            {
                "pkg_name": [
                    "com.netease.mc.nearme.gamecenter"
                ],
                "available": true,
                "flee_brightness": true
            },
            {
                "pkg_name": [
                    "com.minitech.miniworld.nearme.gamecenter"
                ],
                "available": true,
                "flee_brightness": true
            },
            {
                "pkg_name": [
                    "com.ChillyRoom.nearme.gamecenter"
                ],
                "available": true,
                "flee_brightness": true
            },
            {
                "pkg_name": [
                    "com.bilibili.hunter3.nearme.gamecenter"
                ],
                "available": true,
                "flee_brightness": true
            },
            {
                "pkg_name": [
                    "com.netease.dwrg.nearme.gamecenter"
                ],
                "available": true,
                "flee_brightness": true
            },
            {
                "pkg_name": [
                    "com.netease.aceracer.nearme.gamecenter"
                ],
                "available": true,
                "flee_brightness": true
            },
            {
                "pkg_name": [
                    "com.miHoYo.Yuanshen",
                    "com.miHoYo.ys.bilibili"
                ],
                "available": true,
                "flee_brightness": true
            },
            {
                "pkg_name": [
                    "com.tencent.tmgp.gnyx"
                ],
                "available": true,
                "flee_brightness": true
            }
        ]
    },
    {
        "touch_idle": true,
        "hw_enable": true,
        "sw_enable": true,
        "adfr_enable": true,
        "timeout": 1600,
        "content_threshold":0,
        "content_gap_ms":0,
        "hw_nit_limit": 30,
        "hw_nit_limit_pwm": 30,
        "adfr_to_hw": [
            "tv.danmaku.bili",
            "com.hunantv.imgo.activity",
            "com.ss.android.article.video",
            "com.tencent.qqlive",
            "com.qiyi.video",
            "com.sina.weibo"
        ],
        "special_timeout": {
        },
        "special_timeout_content_gap": {
        },
        "sw_whitelist_3rd": {
            "com.ss.android.ugc.aweme": [30],
            "com.smile.gifmaker": [30],
            "com.kuaishou.nebula":[30]
        },
        "blacklist": [
        ],
        "sw_negligible_overlay": [
            "StatusBar",
            "NavigationBar",
            "ScreenDecorOverlay",
            "OplusOSEdge",
            "Sprite",
            "AssistOverlay",
            "RefreshRateOverlay",
            "Letterbox -",
            "GameFloatBarView",
            "game-sdk-buoy",
            "GamesFloatBar",
            "autotest",
            "OplusPrivacyIconTop",
            "GameSpaceFloat",
            "AndroidSysAppPromoniter",
            "ColorOSEdgePanel"
        ]
    },
    {
        "cvt": true
    },
    {
        "frtc": true
    },
    {
        "normalized_minfps": true
    },
    {
        "deferred_mode_change": true
    },
    {
        "touch_frame_change": true,
        "strategy": 0,
        "frtc_capability": 120,
        "whitelist": [

        ],
        "blacklist": [
        ],
        "min_framerate_map": {
            "tv.danmaku.bili": 120,
            "com.coloros.gallery3d": 120,
            "com.coloros.filemanager": 120
        }
    },
    {
        "debug_overlay": [
            "1",
            "1",
            "170",
            "-1",
            "2",
            "1",
            "3",
            "5",
            "5",
            "8",
            "10",
            "10",
            "13",
            "16",
            "15"
        ]
    }
]
